{
    "train_losses": [
        0.7390996817085478,
        0.7059645856751336,
        0.7003978151745266,
        0.6993209405740102,
        0.7014441772301991
    ],
    "train_auc": [
        0.4999523148148147,
        0.4971525077160494,
        0.49257866512345677,
        0.48912835648148145,
        0.49666300154320986
    ],
    "val_auc": [
        0.4989704081632653,
        0.499880612244898,
        0.4993704081632653,
        0.5001387755102041,
        0.4991816326530612
    ],
    "train_f1": [
        0.5015341701534171,
        0.4896629849900878,
        0.4994475138121547,
        0.47758620689655173,
        0.5097771092574866
    ],
    "val_f1": [
        0.6666666666666666,
        0.025139664804469275,
        0.6175668303327878,
        0.6666666666666666,
        0.6653919694072657
    ],
    "train_precision": [
        0.503641456582633,
        0.499422299248989,
        0.4967032967032967,
        0.49464285714285716,
        0.5020199299757608
    ],
    "val_precision": [
        0.5,
        0.5625,
        0.499558693733451,
        0.5,
        0.5
    ],
    "train_recall": [
        0.49944444444444447,
        0.4802777777777778,
        0.5022222222222222,
        0.46166666666666667,
        0.5177777777777778
    ],
    "val_recall": [
        1.0,
        0.012857142857142857,
        0.8085714285714286,
        1.0,
        0.9942857142857143
    ],
    "train_accuracy": [
        0.5036111111111111,
        0.49944444444444447,
        0.49666666666666665,
        0.495,
        0.5020833333333333
    ],
    "val_accuracy": [
        0.5,
        0.5014285714285714,
        0.4992857142857143,
        0.5,
        0.5
    ]
}