{
    "train_losses": [
        0.7091047130690681
    ],
    "train_auc": [
        0.49925430169753093
    ],
    "val_auc": [
        0.49885765306122454
    ],
    "train_f1": [
        0.5114891886395987
    ],
    "val_f1": [
        0.47732342007434947
    ],
    "train_precision": [
        0.4995366079703429
    ],
    "val_precision": [
        0.49767441860465117
    ],
    "train_recall": [
        0.5240277777777778
    ],
    "val_recall": [
        0.4585714285714286
    ],
    "train_accuracy": [
        0.49951388888888887
    ],
    "val_accuracy": [
        0.49785714285714283
    ]
}