{
    "train_losses": [
        0.7122515579064687
    ],
    "train_auc": [
        0.5027366319444444
    ],
    "val_auc": [
        0.5006535714285714
    ],
    "train_f1": [
        0.49982586891411857
    ],
    "val_f1": [
        0.6096801585055194
    ],
    "train_precision": [
        0.5013273718038285
    ],
    "val_precision": [
        0.5049226441631505
    ],
    "train_recall": [
        0.49833333333333335
    ],
    "val_recall": [
        0.7692857142857142
    ],
    "train_accuracy": [
        0.5013194444444444
    ],
    "val_accuracy": [
        0.5075
    ]
}