{
    "train_losses": [
        0.7091047130690681,
        1.4159658012125227
    ],
    "train_auc": [
        0.49925430169753093,
        0.4922470100308642
    ],
    "val_auc": [
        0.49885765306122454,
        0.5016938775510205
    ],
    "train_f1": [
        0.5114891886395987,
        0.494654803779571
    ],
    "val_f1": [
        0.47732342007434947,
        0.04243668720054757
    ],
    "train_precision": [
        0.4995366079703429,
        0.49130017810658994
    ],
    "val_precision": [
        0.49767441860465117,
        0.5081967213114754
    ],
    "train_recall": [
        0.5240277777777778,
        0.49805555555555553
    ],
    "val_recall": [
        0.4585714285714286,
        0.02214285714285714
    ],
    "train_accuracy": [
        0.49951388888888887,
        0.49118055555555556
    ],
    "val_accuracy": [
        0.49785714285714283,
        0.5003571428571428
    ]
}