{
    "train_losses": [
        0.7091047130690681,
        1.4159658012125227,
        2.1220079530609977
    ],
    "train_auc": [
        0.49925430169753093,
        0.4922470100308642,
        0.4920267650462963
    ],
    "val_auc": [
        0.49885765306122454,
        0.5016938775510205,
        0.5040130102040817
    ],
    "train_f1": [
        0.5114891886395987,
        0.494654803779571,
        0.49986282578875174
    ],
    "val_f1": [
        0.47732342007434947,
        0.04243668720054757,
        0.3543123543123543
    ],
    "train_precision": [
        0.4995366079703429,
        0.49130017810658994,
        0.4937669376693767
    ],
    "val_precision": [
        0.49767441860465117,
        0.5081967213114754,
        0.5100671140939598
    ],
    "train_recall": [
        0.5240277777777778,
        0.49805555555555553,
        0.5061111111111111
    ],
    "val_recall": [
        0.4585714285714286,
        0.02214285714285714,
        0.2714285714285714
    ],
    "train_accuracy": [
        0.49951388888888887,
        0.49118055555555556,
        0.4936111111111111
    ],
    "val_accuracy": [
        0.49785714285714283,
        0.5003571428571428,
        0.5053571428571428
    ]
}