{
    "train_losses": [
        0.7725726747512818,
        0.7438515055179596,
        0.7230697031153573,
        0.708787756231096,
        0.7085507992903392
    ],
    "train_auc": [
        0.4932878858024692,
        0.47938587962962964,
        0.5049631172839506,
        0.49622766203703705,
        0.49249178240740743
    ],
    "val_auc": [
        0.49871632653061226,
        0.5050591836734695,
        0.5027632653061225,
        0.5059448979591836,
        0.5094326530612244
    ],
    "train_f1": [
        0.49267680290138094,
        0.4788574628955475,
        0.5078541182898512,
        0.48963362681056516,
        0.5082011293358429
    ],
    "val_f1": [
        0.6503740648379053,
        0.6491670873296315,
        0.6554953178905865,
        0.6496496496496497,
        0.6534653465346535
    ],
    "train_precision": [
        0.49481647520313815,
        0.4827780914737436,
        0.499596882558452,
        0.5008715862870424,
        0.4924439812402293
    ],
    "val_precision": [
        0.49961685823754787,
        0.501951600312256,
        0.5003762227238525,
        0.5,
        0.5
    ],
    "train_recall": [
        0.4905555555555556,
        0.475,
        0.5163888888888889,
        0.47888888888888886,
        0.525
    ],
    "val_recall": [
        0.9314285714285714,
        0.9185714285714286,
        0.95,
        0.9271428571428572,
        0.9428571428571428
    ],
    "train_accuracy": [
        0.4948611111111111,
        0.48305555555555557,
        0.4995833333333333,
        0.5008333333333334,
        0.49194444444444446
    ],
    "val_accuracy": [
        0.4992857142857143,
        0.5035714285714286,
        0.5007142857142857,
        0.5,
        0.5
    ]
}