{
    "train_losses": [
        0.7122515579064687,
        1.4229759097099304,
        0.7076800978846021
    ],
    "train_auc": [
        0.5027366319444444,
        0.5009618055555556,
        0.4966197530864197
    ],
    "val_auc": [
        0.5006535714285714,
        0.5042571428571428,
        0.5000056122448979
    ],
    "train_f1": [
        0.49982586891411857,
        0.4999295476962097,
        0.5016533480297602
    ],
    "val_f1": [
        0.6096801585055194,
        0.5673316708229427,
        0.051735874744724304
    ],
    "train_precision": [
        0.5013273718038285,
        0.5072919645410352,
        0.4976763258611263
    ],
    "val_precision": [
        0.5049226441631505,
        0.5033185840707964,
        0.5507246376811594
    ],
    "train_recall": [
        0.49833333333333335,
        0.49277777777777776,
        0.5056944444444444
    ],
    "val_recall": [
        0.7692857142857142,
        0.65,
        0.027142857142857142
    ],
    "train_accuracy": [
        0.5013194444444444,
        0.5070833333333333,
        0.4976388888888889
    ],
    "val_accuracy": [
        0.5075,
        0.5042857142857143,
        0.5025
    ]
}