{
    "train_losses": [
        0.7390996817085478,
        0.7059645856751336
    ],
    "train_auc": [
        0.4999523148148147,
        0.4971525077160494
    ],
    "val_auc": [
        0.4989704081632653,
        0.499880612244898
    ],
    "train_f1": [
        0.5015341701534171,
        0.4896629849900878
    ],
    "val_f1": [
        0.6666666666666666,
        0.025139664804469275
    ],
    "train_precision": [
        0.503641456582633,
        0.499422299248989
    ],
    "val_precision": [
        0.5,
        0.5625
    ],
    "train_recall": [
        0.49944444444444447,
        0.4802777777777778
    ],
    "val_recall": [
        1.0,
        0.012857142857142857
    ],
    "train_accuracy": [
        0.5036111111111111,
        0.49944444444444447
    ],
    "val_accuracy": [
        0.5,
        0.5014285714285714
    ]
}