{
    "train_losses": [
        0.7939476569493612,
        1.483769264486101
    ],
    "train_auc": [
        0.42901234567901236,
        0.6064814814814814
    ],
    "val_auc": [
        0.4967489795918367,
        0.503925
    ],
    "train_f1": [
        0.6170212765957447,
        0.625
    ],
    "val_f1": [
        0.6666666666666666,
        0.6666666666666666
    ],
    "train_precision": [
        0.5,
        0.5681818181818182
    ],
    "val_precision": [
        0.5,
        0.5
    ],
    "train_recall": [
        0.8055555555555556,
        0.6944444444444444
    ],
    "val_recall": [
        1.0,
        1.0
    ],
    "train_accuracy": [
        0.5,
        0.5833333333333334
    ],
    "val_accuracy": [
        0.5,
        0.5
    ]
}