{
    "train_losses": [
        0.7122515579064687,
        1.4229759097099304
    ],
    "train_auc": [
        0.5027366319444444,
        0.5009618055555556
    ],
    "val_auc": [
        0.5006535714285714,
        0.5042571428571428
    ],
    "train_f1": [
        0.49982586891411857,
        0.4999295476962097
    ],
    "val_f1": [
        0.6096801585055194,
        0.5673316708229427
    ],
    "train_precision": [
        0.5013273718038285,
        0.5072919645410352
    ],
    "val_precision": [
        0.5049226441631505,
        0.5033185840707964
    ],
    "train_recall": [
        0.49833333333333335,
        0.49277777777777776
    ],
    "val_recall": [
        0.7692857142857142,
        0.65
    ],
    "train_accuracy": [
        0.5013194444444444,
        0.5070833333333333
    ],
    "val_accuracy": [
        0.5075,
        0.5042857142857143
    ]
}