{
    "train_losses": [
        0.7939476569493612
    ],
    "train_auc": [
        0.42901234567901236
    ],
    "val_auc": [
        0.4967489795918367
    ],
    "train_f1": [
        0.6170212765957447
    ],
    "val_f1": [
        0.6666666666666666
    ],
    "train_precision": [
        0.5
    ],
    "val_precision": [
        0.5
    ],
    "train_recall": [
        0.8055555555555556
    ],
    "val_recall": [
        1.0
    ],
    "train_accuracy": [
        0.5
    ],
    "val_accuracy": [
        0.5
    ]
}