{
    "train_losses": [
        0.7939476569493612,
        1.483769264486101,
        2.1420798897743225
    ],
    "train_auc": [
        0.42901234567901236,
        0.6064814814814814,
        0.7399691358024691
    ],
    "val_auc": [
        0.4967489795918367,
        0.503925,
        0.4988931122448979
    ],
    "train_f1": [
        0.6170212765957447,
        0.625,
        0.15
    ],
    "val_f1": [
        0.6666666666666666,
        0.6666666666666666,
        0.12787088764742396
    ],
    "train_precision": [
        0.5,
        0.5681818181818182,
        0.75
    ],
    "val_precision": [
        0.5,
        0.5,
        0.4881516587677725
    ],
    "train_recall": [
        0.8055555555555556,
        0.6944444444444444,
        0.08333333333333333
    ],
    "val_recall": [
        1.0,
        1.0,
        0.07357142857142857
    ],
    "train_accuracy": [
        0.5,
        0.5833333333333334,
        0.5277777777777778
    ],
    "val_accuracy": [
        0.5,
        0.5,
        0.4982142857142857
    ]
}