{
    "train_losses": [
        0.7094874665472243
    ],
    "train_auc": [
        0.5019832175925926
    ],
    "val_auc": [
        0.4979739795918367
    ],
    "train_f1": [
        0.497629009762901
    ],
    "val_f1": [
        0.6471774193548387
    ],
    "train_precision": [
        0.4997198879551821
    ],
    "val_precision": [
        0.5
    ],
    "train_recall": [
        0.4955555555555556
    ],
    "val_recall": [
        0.9171428571428571
    ],
    "train_accuracy": [
        0.49972222222222223
    ],
    "val_accuracy": [
        0.5
    ]
}