{
    "train_losses": [
        0.7390996817085478
    ],
    "train_auc": [
        0.4999523148148147
    ],
    "val_auc": [
        0.4989704081632653
    ],
    "train_f1": [
        0.5015341701534171
    ],
    "val_f1": [
        0.6666666666666666
    ],
    "train_precision": [
        0.503641456582633
    ],
    "val_precision": [
        0.5
    ],
    "train_recall": [
        0.49944444444444447
    ],
    "val_recall": [
        1.0
    ],
    "train_accuracy": [
        0.5036111111111111
    ],
    "val_accuracy": [
        0.5
    ]
}